 š—…’˜;…ŠŒ;§…
User_943;Accumanst@gmail.com;©–…—“‹
User_908;Advismowr@mail.ru;©–…—“‹
User_962;Anachso@ukr.net;«’“„’
User_973;Antecia@inbox.ru;à…’˜
User_902;Balliaryva@ukr.net;
User_976;Bigbytech@rambler.ru;«’“„’
User_955;Billionon@rambler.ru;ã‹”-à…”…’‚•’‡
User_992;BloggerJan@yahoo;ã‹”-à…”…’‚•’‡
User_978;Blueterva@ya.ru;©–…—“‹
User_939;Bootrasync@ukr.net;á’“Œ—Œ˜
User_974;Borgueriac@ukr.net;¥‹”…’‰‚•’‡
User_983;Boxfixiteicloud.com;ã”—’Œ˜
User_932;BraceWalker@bk.ru;«’“‘’“‹
User_903;Bradleyerat@rambler.ru;à…’˜
User_954;BullSpice@ukr.net;ã‹”-à…”…’‚•’‡
User_918;ByteTale@gmail.com;ç’…–
User_906;CapoGrand@rambler.ru;¡’š‡…Œ”“‹
User_941;Cavotin@bk.ru;«’“‘’“‹
User_917;Chapterpl@yahoo.com;­“‹—
User_947;Chicapplin@gmail.com;ç’…–
User_919;Chikkaverle@icloud.com;¨‚’—“‹
User_1000;Cincomphite@mail.ru;ä€…˜
User_998;Decitere@mail.ru;«š˜
User_949;DirtyChiri@ya.ru;«’“‘’“‹
User_946;Ever2free@inbox.ru;ã‹”-à…”…’‚•’‡
User_938;Exploator@ukr.net;á’“Œ—Œ˜
User_934;EyesRae@inbox.ru;¡’š‡…Œ”“‹
User_916;Fainvenu@icloud.com;á’“Œ—Œ˜
User_989;FestiveAway@inbox.ru;ã‹”-à…”…’‚•’‡
User_935;Foreveracis@rambler.ru;¨‚’—“‹
User_966;ForlifeLatest@yahoo.com;©–…—“‹
User_928;FraserBlue@mail.ru;¨‚’—“‹
User_985;Freenson@inbox.ru;«’“„’
User_960;GazetteWas@yandex.ru;
User_950;GlitzDas@yahoo.com;ã‹”-à…”…’‚•’‡
User_910;Gloxixir@ya.ru;­“‹—
User_977;Goriness@rambler.ru;à…’˜
User_961;Granilabe@inbox.ru;¡’š‡…Œ”“‹
User_967;Grundymeat@ya.ru;«’“„’
User_972;Haystenvi@yandex.ru;ã‹”-à…”…’‚•’‡
User_957;Hetstact@yandex.ru;á’“Œ—Œ˜
User_993;Hostener@gmail.com;«’“„’
User_991;;¥‹”…’‰‚•’‡
User_911;Infernody@ya.ru;á’“Œ—Œ˜
User_931;Inserex@inbox.ru;ç’…–
User_980;Jectiolo@gmail.com;¡’š‡…Œ”“‹
User_952;JimGlitz@ya.ru;«’“„’
User_990;Kalismed@bk.ru;«š˜
User_912;Kenjinxte@rambler.ru;ç’…–
User_913;Kinkenbo@mail.ru;ç’…–
User_984;Kittysineos@rambler.ru;ã‹”-à…”…’‚•’‡
User_969;Knightstra@icloud.com;«’“‘’“‹
User_904;Kryptoburs@yahoo.com;á’“Œ—Œ˜
User_953;Lassour@ukr.net;«’“„’
User_995;Latinarysa@rambler.ru;á’“Œ—Œ˜
User_951;Lessomaire@rambler.ru;ã”—’Œ˜
User_900;Lipsxiptp@yahoo.com;ã‹”-à…”…’‚•’‡
User_930;Loqutio@yandex.ru;¡’š‡…Œ”“‹
User_922;Lyfernozoi@inbox.ru;¨‚’—“‹
User_926;Magazineli@ya.ru;
User_982;Magazinetc@yahoo.com;ã”—’Œ˜
User_942;Mailitry@ya.ru;­“‹—
User_958;Manionoe@ukr.net;á’“Œ—Œ˜
User_975;MediaLead@rambler.ru;à…’˜
User_933;MoPoet@yahoo.com;«’“„’
User_987;Muchiple@yahoo.com;­“‹—
User_920;NumClear@bk.ru;ã‹”-à…”…’‚•’‡
User_964;NumTrendy@mail.ru;á’“Œ—Œ˜
User_937;Paleoso@ukr.net;¡’š‡…Œ”“‹
User_927;Paviatery@ukr.net;«š˜
User_936;Peytzke@mail.ru;«š˜
User_905;Pinkelysi@ya.ru;­“‹—
User_986;PleasantKeeper@ukr.net;«’“‘’“‹
User_915;PongCute@mail.ru;¡’š‡…Œ”“‹
User_997;Prestigenp@inbox.ru;á’“Œ—Œ˜
User_971;PricelessJuz@rambler.ru;«š˜
User_909;Prinesbr@bk.ru;¨‚’—“‹
User_963;RosesTight@gmail.com;¥‹”…’‰‚•’‡
User_948;Roycess@rambler.ru;¨‚’—“‹
User_914;Sandpoist@gmail.com;ç’…–
User_968;Schwire@bk.ru;¥‹”…’‰‚•’‡
User_944;Seenomvura@yahoo.com;¥‹”…’‰‚•’‡
User_924;ShardDivision@icloud.com;ç’…–
User_925;Sianscot@yandex.ru;ä€…˜
User_940;Somberyant@mail.ru;à…’˜
User_988;SpyderSpin@bk.ru;¡’š‡…Œ”“‹
User_999;Stacile@yahoo.com;«š˜
User_981;Stargalux@gmail.com;¡’š‡…Œ”“‹
User_923;Styledget@rambler.ru;à…’˜
User_945;Sumollerno@inbox.ru;ä€…˜
User_979;SupremeSynchro@rambler.ru;¨‚’—“‹
User_994;Therick@yahoo.com;¥‹”…’‰‚•’‡
User_929;Topictition@rambler.ru;©–…—“‹
User_907;Transky@yandex.ru;«’“‘’“‹
User_996;Trantawe@yandex.ru;«’“„’
User_959;UpdatesCurious@yahoo.com;ä€…˜
User_901;V2artierso@mail.ru;¡’š‡…Œ”“‹
User_970;Vashoterlo@bk.ru;ç’…–
User_965;Visuareda@yahoo.com;ç’…–
User_921;Aavast@ya.ru;©–…—“‹
